GestureAccuracy,HandwritingAccuracy,ResponseTime,ConfidenceScore
0.6872700594236812,0.5925664644193098,11.54264209339765,0.40842530036768376
0.9753571532049581,0.770950473689179,11.174469976799996,0.7659975784250332
0.8659969709057025,0.9364729179382041,27.656364513025917,0.6006543696024893
0.7993292420985183,0.8661124432047806,11.238654996237653,0.7040054515523336
0.5780093202212182,0.9032805739307248,11.798743153215774,0.5576144809179033
0.5779972601681014,0.8293916833553587,23.984956560449092,0.3480342825120563
0.5290418060840998,0.8461382822589263,16.2434960612635,0.4212843861042269
0.9330880728874675,0.9245978257826597,24.41776392387953,0.6832689995059362
0.8005575058716043,0.624834004429593,6.6341539391096305,0.5804470798671109
0.8540362888980227,0.7447124818215702,17.189279841834608,0.5785090585224155
0.5102922471479012,0.6106047209098011,5.840340004582066,0.36007798750782855
0.9849549260809971,0.9938340039983236,6.5663300863838625,1.0
0.9162213204002109,0.9720296698433066,27.660936333610273,0.6654982634219769
0.6061695553391381,0.519713405684253,8.48113427793988,0.3305501729223115
0.5909124836035503,0.8527875862578442,18.31051705688043,0.44706129571179604
0.5917022549267169,0.9626241587078329,15.277390065017663,0.5690080972438359
0.6521211214797689,0.5902876725636668,13.683583156471068,0.3531105858414715
0.762378215816119,0.7839726152763147,27.49583364218181,0.40890027660261286
0.7159725093210578,0.9577441487940209,5.545584919387237,0.7820553838421661
0.645614570099021,0.5169729892928994,21.594742154389728,0.1929592036520291
0.8059264473611898,0.84871013362342,29.08486085533876,0.4707912248647086
0.569746930326021,0.6486745036862753,19.00420458654605,0.2678692872642777
0.6460723242676091,0.9621980976882651,28.420561550827294,0.4440875830711873
0.6831809216468459,0.9855291225826839,6.306446982150594,0.768672999319681
0.728034992108518,0.972133244556717,15.469832976854034,0.6769245884162062
0.8925879806965068,0.7371071083287319,11.503944774051279,0.6736144774487621
0.5998368910791798,0.9310213254946567,23.270524124518246,0.45045943749883405
0.7571172192068059,0.9222746992675352,29.532427262431167,0.48387721265800976
0.7962072844310213,0.6595502366216278,11.413251561106195,0.5431578337993642
0.5232252063599989,0.9144577370753386,21.354365036851863,0.40412610407722366
0.8037724259507192,0.5185038173577463,9.952440818993503,0.46058727877943884
0.5852620618436457,0.7981349392410265,19.133256364290247,0.39106162846878295
0.5325257964926398,0.6150044186438515,16.598312167208405,0.244571451424107
0.9744427686266666,0.5602834428886394,29.300133240788426,0.3773530840200073
0.9828160165372797,0.5384766008146046,20.213181817411666,0.4817749806528215
0.9041986740582306,0.8481443879390699,13.737659302170469,0.7382423582131938
0.6523068845866853,0.6699374818840331,7.852394622198334,0.48704456506750965
0.5488360570031919,0.8623833857643808,8.781170718373364,0.5426508666110852
0.8421165132560784,0.5326781703994712,10.632923248780877,0.49174163742499816
0.7200762468698007,0.6576451689153051,11.27416653350745,0.4858699646902431
0.5610191174223894,0.7697456461876686,26.265401446028445,0.2613046022649976
0.7475884550556351,0.8953615824194818,19.030569707063123,0.5887330028722014
0.5171942605576092,0.659376251466035,18.08477278435916,0.2477990499228933
0.954660201039391,0.8129456882185045,7.869221796730437,0.8237906339384959
0.6293899908000085,0.9429888741180936,26.503492333735874,0.44110629392835143
0.831261142176991,0.8079315940911522,23.070357580212093,0.5349488660328515
0.6558555380447055,0.6164797373768169,6.69170904750004,0.46391974766445454
0.7600340105889054,0.5122003907782691,22.69587743074422,0.2620322231229123
0.7733551396716398,0.9350494369504649,18.588455433566153,0.6438305969968241
0.5924272277627636,0.5106347054251936,7.0431336436694565,0.33141696542074384
0.9847923138822793,0.9373508363420997,16.45751603821641,0.8324150770992452
0.8875664116805573,0.764468567013606,17.117407178251174,0.6197314400558402
0.9697494707820946,0.969533849256448,9.144363504081895,0.9376014744138496
0.9474136752138245,0.8993916178868326,28.642453675007058,0.6217638099199843
0.7989499894055425,0.9989670552666687,26.249384287016547,0.6149516120341595
0.9609371175115584,0.6753559077258551,21.725558433227707,0.5497127624487052
0.5442462510259598,0.8835941444655635,16.55738902501518,0.4571687424732839
0.5979914312095727,0.7009654568046211,15.294138539612712,0.3755856189479923
0.522613644455269,0.7399378101519545,21.274336678773853,0.2726316630801201
0.6626651653816322,0.813752731609185,18.635796735172637,0.46771368784312495
0.6943386448447411,0.9368385570931694,6.5568276470471405,0.7371185632341731
0.6356745158869479,0.9920417345996475,17.812566219258294,0.592566117794885
0.9143687545759647,0.8841367069322591,25.160090430820986,0.6291327082033659
0.6783766633467947,0.7088833910836669,16.48099693992395,0.4274291609698065
0.6404672548436904,0.710678501138535,6.298914438856711,0.5285004622027779
0.7713480415791243,0.8687911507944457,24.656954984600826,0.5156580914114256
0.5704621124873813,0.6193885728841512,10.03409455339936,0.35936512996928194
0.9010984903770198,0.5552370565656973,11.465520872200969,0.5429360536689782
0.5372753218398854,0.6773110788203882,9.117658835807397,0.38963622262455977
0.9934434683002586,0.6436194958270409,13.25537662178744,0.6571035673821207
0.8861223846483287,0.648154060227995,23.918787642215875,0.4448711037219489
0.5993578407670862,0.616803875524955,17.984646487598432,0.2790161373704967
0.5027610585618012,0.5210465948181809,10.122031853767814,0.2326289364062379
0.9077307142274171,0.5089369673667069,26.94575195380102,0.3177191500538596
0.8534286719238086,0.9938611948680158,26.98954637378823,0.6429734565574379
0.8645035840204937,0.7138865668679312,26.76446062615017,0.44236361425580795
0.8856351733429728,0.6921633235798408,10.969905284538482,0.6410839729791015
0.5370223258670452,0.839823641346535,16.280983604524703,0.4220720668306979
0.6792328642721364,0.6091269439325321,29.624741403521877,0.1868602376598572
0.5579345297625649,0.9749805919751127,24.30031190774976,0.43903014499637666
0.9315517129377968,0.8931725072077761,5.679185530638995,0.8946222432234525
0.811649063413779,0.5447055011561297,6.630114781512301,0.5282650120455185
0.6654490124263246,0.7087903878924642,16.598284420308318,0.4160988152718108
0.5317791751430119,0.9395591537810823,27.730505146539002,0.3491870120698465
0.6554911608578311,0.9723660111457051,18.467544948817856,0.5844135121575242
0.6625916610133735,0.7337007556249349,17.445312700857258,0.4221030603518958
0.864803089169032,0.8067056946053539,7.636842498915764,0.7540143369457363
0.8187787356776066,0.5835169730460377,21.41950261810735,0.3765309232985963
0.9436063712881633,0.9955843130684883,25.552579015005637,0.7306251830269944
0.7361074625809747,0.6158358506917216,14.510500187689058,0.4255564912713692
0.5597971229691509,0.9713658870675628,24.39029627313319,0.4365698110107793
0.8566223936114975,0.8248233244961842,29.11191634752029,0.49073371390658055
0.8803925243084487,0.8038683974394296,10.094161478192227,0.7326759559607178
0.7806385987847482,0.7563442555082542,18.083240779868532,0.5205045094918775
0.8854835899772805,0.6153349058588793,12.178448952114389,0.5676016635461802
0.7468977981821954,0.5882640160027541,24.821360475845985,0.2828406222795885
0.7613664146909971,0.6102431045350877,19.43983414702894,0.37827735997960515
0.7137705091792748,0.5932191310721273,20.864560438757593,0.3114206114107992
0.5127095633720475,0.8897922367833766,24.947853990397352,0.33219463995703413
0.5539457134966522,0.675062629583365,14.899261816561372,0.3276422683143788
0.5157145928433671,0.5289213382816982,27.87725171017608,0.024495691115866504
0.8182052056318903,0.9845513150704057,18.3257216811535,0.7185298472701308
0.6571779905381634,0.9418929424817128,8.9488705708837,0.6826636657542609
0.7542853455823514,0.9638761415976065,22.39747795422006,0.6031811753874422
0.9537832369630466,0.9974539113232177,24.83153376095636,0.7488317956349593
0.6246461145744375,0.5869476246097436,12.919041926688166,0.3394368723599207
0.7051914615178149,0.6981210094513294,26.429481424968824,0.31412479327812254
0.8777755692715243,0.8791192378520456,27.65358136914416,0.5662075902791155
0.6143990827458112,0.8480103090268961,11.922612184445224,0.5417676110915407
0.5384899549143964,0.5769479531699275,29.58803681788055,0.056491251126637144
0.6448757264568841,0.9079165624953089,8.517788201218961,0.653085391597746
0.5806106436270022,0.6122202859183303,10.05039171006225,0.36141446175967273
0.9648488261712865,0.6119088074113115,9.605620980950654,0.6574999702524552
0.9040601897822085,0.7684872114467067,27.34974275019676,0.5062221520754762
0.8167018782552118,0.7964699674208515,21.357313808124047,0.5368629292822072
0.9357302950938589,0.7900431039189055,8.802607080556822,0.7803704759039346
0.9018360384495572,0.5457434186988774,16.008085459208722,0.4790298872130415
0.5932850294430179,0.9387304313151902,20.38245062674505,0.48775336401303665
0.9462794992449889,0.632800021294353,7.086602124734583,0.6910213118734393
0.7696711209578253,0.5647574606414021,27.06040921018347,0.2540516479114839
0.9037200775820313,0.9443740399344887,25.090088386038378,0.6675339524215339
0.9480456499617467,0.9778257491148767,17.630169339415957,0.8204487926674771
0.6590017374859319,0.9310638086327253,29.17816538147926,0.42076054685836134
0.5550259622638384,0.9047580373624391,15.444024481877493,0.4953765428513851
0.6139675812709708,0.8276209903195109,29.602757975912446,0.30306954817806575
0.7135538943131281,0.7754286853045697,21.697999970090677,0.4386059400200754
0.9090073829612466,0.5434933799557051,20.866781831348536,0.4214855735707221
0.9303652916281717,0.7042266065353493,9.148872382394625,0.707016641077085
0.5034760652655954,0.686344258506157,27.0481939576161,0.1447958104114207
0.7553736512887829,0.6298768918801632,15.68724219801538,0.43591795485730184
0.7087055015743895,0.8617100568442925,9.055835144561984,0.6596343412014163
0.6110539052353652,0.7479378675393854,5.315187999393976,0.5468414253497899
0.5599326836668415,0.540523107953824,18.993892090959562,0.17874712320043415
0.668807585701814,0.6100916009749057,18.18499055306691,0.3239566660415623
0.9714548519562596,0.841629381829798,22.983840559228963,0.6676052590067528
0.6616014660103776,0.5380654297451501,27.256451325445052,0.1496195688692112
0.7593953108716831,0.9256034570243843,6.985164616075738,0.772438392915194
0.8515094794475889,0.7475732635069872,23.287412258509057,0.5018648084799492
0.681814801189647,0.740293288663324,9.685298602439556,0.5394881856842468
0.9858910413604803,0.7962038923297587,26.4544263289291,0.600395120781199
0.9812236474710556,0.9123404829625745,25.476587846541403,0.6970626070683322
0.6258911479126821,0.6739046039510965,18.51984387463861,0.33554442881235563
0.7486242529461927,0.8390080762795318,22.75606996558279,0.499901664991852
0.6504391549083848,0.7828659819978956,12.85875282959371,0.5079428261958966
0.6424202471887338,0.6335141350847107,16.779197473320366,0.33944044145418106
0.5184434736772664,0.939314993177579,25.54092244276179,0.3665230095333225
0.8047821669899484,0.898713010803464,16.481629929330346,0.6666830614984215
0.7513395116144308,0.8292259173292127,13.944956633136044,0.605662274869986
0.5257393756249946,0.925290864547121,17.3553111812575,0.46465233015279256
0.6393232321183058,0.9336471004799012,25.70623131093046,0.4516071891300141
0.9541329429833268,0.8541814883575174,13.380201184271819,0.7850975274702001
0.6197809453334862,0.918506664181836,9.344039828393594,0.6316922622388811
0.5724474360456115,0.8487357308346418,22.80035050826952,0.3734087032787881
0.7447263801387816,0.8400703858801502,25.649455317702046,0.46127094882769815
0.9928252270553004,0.8093056891075922,7.5159369630883335,0.854366985059553
0.6210276357557503,0.8763583197788206,10.996852818898617,0.5799044479121582
0.8360677737029393,0.5793025526465369,8.549299744024847,0.5487152772608217
0.8808098076643588,0.9404353795994642,13.698535289554165,0.7908667054679795
0.6188187719961998,0.935921763872616,16.258774472635316,0.5569462460047899
0.8641081743059298,0.5146236415172796,23.72065842408266,0.32968522280801
0.6838915663596266,0.9129083752823813,21.278689622041853,0.5254674744457091
0.8161529152967897,0.5644349337367226,20.52321418696078,0.37140898827937474
0.8167648553804474,0.667559427129571,13.80937366524136,0.5345564037311845
0.7678873420373793,0.8717541281458039,26.036188827119,0.49788949575192376
0.5451448850272042,0.580379948024154,16.782179184954114,0.2256037440268252
0.917651247794619,0.9089835120595311,29.477623450378864,0.5959714673567066
0.6603900324858679,0.9160670889788709,20.85355345739342,0.5154371313084586
0.5932592551999272,0.7537338668804181,8.156618539112568,0.5019331096679629
0.520387570777382,0.5031929358584168,21.90443905188585,0.08388192449373508
0.795446471594121,0.6435190665874564,13.127600385792475,0.5088353121045995
0.8387821809211412,0.8084634591878711,22.158179917152435,0.5525441348738088
0.508293914463928,0.9905930890137118,6.7410287040601435,0.634705713687524
0.7560465291496405,0.8159067635083341,9.372035929398985,0.6568105180536697
0.613247887598969,0.6299017905320798,26.393431472644657,0.1934010274103701
0.822586395204725,0.8170028515498057,10.679488925587872,0.6914966649667211
0.5871832145024958,0.7699926898579277,25.9260281310735,0.285566605409465
0.845468869051233,0.8899226975755719,11.98190221136026,0.7475568909806272
0.6933676731502687,0.5534903194134793,21.072047751467693,0.2633089158770627
0.9683649943683672,0.8805139512510141,22.353764337745776,0.7026325631599715
0.5687604720729966,0.7706332893380552,17.816368828626324,0.3743748415723873
0.6705331755251293,0.9814960019294974,12.632766917418282,0.6762779835830076
0.5567367606202945,0.670936083019343,10.316109409277402,0.38442499875838687
0.9623468091392814,0.816310946566974,5.829733864060655,0.8578701893363302
0.9386696766904905,0.9660140527550087,12.598660031018095,0.8678652147673831
0.6289708138575778,0.5512548639953396,21.329069763282074,0.2096542204600997
0.8299920230170895,0.9686142436182256,28.457620461212066,0.5876274032932188
0.9086111001006079,0.8439428611504067,26.7801120565763,0.5739377022470185
0.7776004057997312,0.5339185295525859,24.151619413382566,0.27339791856631385
0.7648252891780032,0.6504817834734081,24.711183581332467,0.3448674376114013
0.6209261454502258,0.8540860443226408,21.624622586899882,0.42896129683977435
0.5465513839029497,0.5336753007343858,11.507171439150074,0.257848795382134
0.9486078789766634,0.7910852300881366,27.679875767645747,0.5528613030743307
0.9502090285816652,0.6729415284764784,21.76830779764585,0.539230172158321
0.816550728636634,0.8104577588837385,19.011015774510998,0.5769182808596249
0.6695148955243504,0.5228710169062565,7.774736730337027,0.38977358005462226
0.6746047873063304,0.9357684030761881,16.176388595160635,0.6000765077638377
0.8629778394351197,0.9867444845886985,16.50895678004816,0.7769731857436576
0.9485551299762885,0.9844389276428458,26.614090238066748,0.712551280475286
0.9435432121325587,0.8748259158714624,18.666205504694712,0.7260487942859399
0.8899377729288119,0.565043120065316,14.510013724260242,0.5035203331637734
0.8210158230771438,0.8791315979645113,29.420008212766483,0.5009983147748626
0.5420699824975244,0.5122934582294008,7.768014833157892,0.2854312440229817
0.5808143570473069,0.5110617757644986,15.563710707798615,0.2155100929216597
0.9492770942635396,0.6618051095747706,6.0506168792851325,0.728298064875638
0.803214529829795,0.7443215952023329,23.49760301917326,0.4602144124592298
0.5045985258083148,0.8852037089038967,27.951913804978766,0.28470527440831744
0.5507357714330161,0.8416476883032527,12.000933238762236,0.487798725996705
0.8317508845540279,0.7229513531883742,26.45854191997802,0.4282990688047229
0.5025307919231093,0.636813333140833,12.305455761547444,0.2925104519939997
0.5804040257087493,0.9985622500788556,27.76925404109788,0.43012914781348205
0.7743668946832931,0.7130906511179864,23.8490475899196,0.410327579454864
0.8459475988463466,0.7256935121648378,25.122669421035965,0.4579601727099113
0.8259806297513003,0.5818119105958346,5.450163890011362,0.5820618028408924
0.61213465473028,0.8974047743749647,29.07025892685065,0.3611955883975117
0.8560896106737679,0.8468411128907443,23.16677480175808,0.5819568893728174
0.6186245437484,0.6103848063943802,12.618777384653333,0.35639974521037
0.6626998490796339,0.5411905228079213,25.734866621471173,0.17200208324075753
0.8732457025590121,0.8402496510373565,12.03802996037325,0.7302825616608588
0.8248164495236073,0.8272556071405677,26.8188459891532,0.49742517379824586
0.924611705247089,0.6366297634991047,7.814509760298425,0.6683462793599828
0.8288064461501716,0.9754317811252051,22.592149436519893,0.6658516073521755
0.7841543016677358,0.5755289458904501,18.51746191612276,0.3808850390999252
0.5468373839140462,0.716167400521301,7.4133617548860204,0.44776036640708194
0.6838579015297168,0.9718079600837994,11.047345706470974,0.6990215070685577
0.6326011838408627,0.7098636584630611,5.3101009069328695,0.5344013817978789
0.6219948216895418,0.8192629738320427,16.719199136612644,0.465279867185566
0.9865052773762228,0.6987971989813971,12.531631519000008,0.7027277007199821
0.6965488623333802,0.6371076011743351,19.958937107443973,0.34301642723894527
0.9460232775885566,0.9919888239799142,12.43094519271543,0.8951961611028495
0.8155693129986314,0.7046670031575215,12.497977787674618,0.5782638559545609
0.8974056517708242,0.9470496018395672,23.579829968290085,0.683825036887797
0.751318546552596,0.6149773029455431,6.203570899458836,0.5411652196684855
0.7884519423131795,0.6065523520125417,27.572374879799682,0.29342707980114086
0.746258846909432,0.5155670414422557,26.306596859779535,0.20862632996135355
0.5976214938990223,0.8258334126879425,21.695117080660165,0.3890643895934393
0.8612260576307527,0.6842631718618806,19.83053925268461,0.5049071043026786
0.6403861812204279,0.9321791249198186,27.307562453491308,0.43110809850299137
0.5121579832157269,0.7366049533457786,9.633254488217862,0.4089923981113914
0.822736147953584,0.9840967139573609,6.974229054770715,0.8647553439518705
0.5885553397035245,0.5927627578515606,10.987754247738453,0.3408838497868707
0.9702292921764571,0.9343115839778053,24.864456967504758,0.7130864753152373
0.9769642885012937,0.8882984263958709,5.866756668162083,0.9229282056160584
0.9574321951102243,0.885460922322026,19.570170877087243,0.7332045931341122
0.6850793501277221,0.9223916140584438,29.885937904782747,0.4250044460589803
0.5077283082644337,0.8805119954714995,26.392402345938486,0.30318883240968936
0.9641592812938626,0.8131101608157076,18.036142226089737,0.7028980258440556
0.7140920741586572,0.5656224388411938,6.591022732166058,0.4707724870868811
0.9833274095218347,0.516263089745626,25.784337859642747,0.39510346430834964
0.9818099885446264,0.9604239239078434,19.974462704430266,0.8032672467038604
0.92650472773368,0.808325157260369,7.873324926489171,0.7989407360555965
0.6472244460347929,0.8982686454880882,7.346432120583906,0.6623335566962777
0.6925488643009626,0.7407611757562751,27.74067048591481,0.32028681847916685
0.9255683357584285,0.5586540944811973,21.73000657345196,0.4346008347139294
0.6584610025781388,0.5625928961012752,25.732169982918887,0.1850219245112452
0.5847463733430462,0.8427826436144856,26.97447250705668,0.32557461729236126
0.7784006312291751,0.7151529474497313,19.294308801208054,0.47237467605537026
0.9680773870803905,0.6002623633501684,17.936158793876032,0.5460836686306293
0.8480148983374864,0.7457972733707184,15.760685258024754,0.5927885092140978
0.7850305850446825,0.5321044685375671,12.923664694777983,0.41923060017159963
0.5485882468853842,0.7909857009571994,15.864899021467794,0.39911903819746
0.8075036133495849,0.6344967022175488,24.34699139325391,0.36965584169799603
0.9950269250521316,0.898779550318594,20.04808577537829,0.7656989139743973
0.570042007618262,0.6551809794617869,27.31308224887115,0.16824106617119375
0.7591648261818684,0.7276100745409007,16.08450035947969,0.50772137463947
0.9386865359639778,0.5058102699540503,20.17723946796885,0.42412489112693696
0.8703843088771022,0.5362234438972795,20.78268882729972,0.38782356165295323
0.848507870497634,0.6962467782033424,19.79242905765814,0.5048318905416965
0.8512420419935547,0.7399694173585618,22.56584432713791,0.5050083457434617
0.6797455756098776,0.8000102740596519,10.935836709370157,0.5673350076339266
0.6467959221322467,0.6458312893546516,17.809094438644767,0.3390832377107582
0.9046805777392568,0.8474909430632713,7.605620070208692,0.815437064813128
0.9050566973395904,0.9300611985946023,14.612783191120315,0.789834137765459
0.9335361592900518,0.8899254944466749,17.19167671553161,0.7484954560674459
0.9566202762782356,0.5198094126741786,21.305606488636812,0.4340565353923926
0.7556711994304689,0.7402534736289145,28.763276314655087,0.35476575802963356
0.7507581473435998,0.5524650892090874,20.016276663708897,0.3192677559108854
0.8991475894833876,0.6210225079312637,23.589847904413993,0.4383462152831534
0.8249819653888826,0.9933312966335732,17.656651487380067,0.7387369167649794
0.8509834386288517,0.5712477714507567,20.85260078440828,0.3987626059765342
0.8978963347180505,0.749444076725678,6.773305403344336,0.7466177990446894
0.9450026709087831,0.8090778671590595,11.359789521046174,0.769541659690263
0.6689975784257679,0.851232485272052,14.046327330128467,0.5587345691796076
0.687791476319972,0.779824341743457,16.81233387516284,0.48404779155140737
0.5469909699204345,0.5048854237095919,6.141218637559593,0.30406331869495795
0.789140070498087,0.6632306541219959,8.500602438832942,0.5773236588812056
0.517971136898371,0.7588558216923558,11.920357694782645,0.4013853169914837
0.7327990090662301,0.5439332495724167,29.288317272526267,0.1823051726367304
0.7713223173537883,0.6753134656045904,13.283675177576269,0.5126704903414135
0.6432706260641422,0.5166015543956832,17.051026452802063,0.24820063079726362
0.7954166302845054,0.5392892485775104,9.902442818459823,0.47062194822418446
0.5152501249695247,0.698461638100798,20.269501776894206,0.24835068415268083
0.5186740943746072,0.5663578770215302,12.017080387899359,0.25505454232450575
0.9113002803298291,0.783770424130779,10.174814460960668,0.739837555202027
0.6800953207056315,0.8447324845686328,17.914315711149477,0.5134381921253828
0.5635302563259423,0.9002933495545414,5.1376449790105205,0.6283954583494701
0.7611216300274022,0.600075122122405,5.1916008162306335,0.5500681253869378
0.8849967765493054,0.5837412911295349,10.476720227546444,0.5647884297714146
0.6079105137484215,0.5522839201672001,5.918034062520529,0.388830534404483
0.8114452379095001,0.8182151247718183,7.700643853267284,0.7215475051916744
0.542673732496884,0.8532378632434505,13.47151623346879,0.47192416907822476
0.5258408605843039,0.515793072412821,25.06464198949532,0.05769116427799652
0.7656773157840739,0.9681061231218449,19.30121608423252,0.6540442635881825
0.7703175608050532,0.5259856418257363,17.81669314891041,0.3417686547825949
0.8187149507491033,0.7706481676505352,12.337220580203041,0.6325919769192186
0.8630456668613308,0.8545302597254583,28.293842985820408,0.5283854810795862
0.9879260397312672,0.9354845618730427,14.925376030929792,0.8526941796884435
0.7581501741505976,0.8570434660662138,7.177319169894288,0.7172011365130823
0.661478236470623,0.9008640415348959,20.426662902945033,0.5101409663181375
0.8975930973843518,0.669725096271403,7.845959836915036,0.6725473156587796
0.6354161256310371,0.9074125568732561,13.630578570042303,0.5810751255288791
0.719485710352818,0.5400574231923376,17.685298467945223,0.3156130496450792
0.5392281906711329,0.9474083280302639,26.855563117129396,0.37179448914361835
0.5126753717077288,0.7737961880768681,17.338664508502966,0.34035798446414095
0.9813242073389625,0.9086488849812469,22.556469150791607,0.7311680946224618
0.9179900602561029,0.72615914225915,29.82042097497676,0.4535811771472178
0.847987103046849,0.8217888475982624,8.287227997449541,0.7445019783467004
0.7044764722071349,0.7632013304680566,11.868288137987989,0.5464386855379801
0.5866471600354228,0.8657947608776659,14.86440188994116,0.4971305551648317
0.5782185213355431,0.5408149910152948,15.545704463470784,0.23628428506979288
0.6251214490822976,0.5301760419952819,15.275526881638644,0.2671283428903651
0.7746133323530602,0.6235516170050732,27.690275063913873,0.29433170398269
0.8572979613500311,0.5797723400565942,22.85081611167141,0.38479246131217093
0.8300986883588657,0.9358917832961009,20.197630352267595,0.6671082326365316
0.6399669484729714,0.6096069936790222,12.734317946569552,0.37050185403535446
0.977432640331597,0.9879326279095657,25.594759605532367,0.7498968461176745
0.8689484583478843,0.6684478958855534,28.876512787124724,0.384715118324517
0.7771770262557003,0.5910589578443497,25.529957063755663,0.2989290278790583
0.8058603731171761,0.8948492535712396,5.039127629786822,0.8088645096782563
0.709800031213895,0.8293538877504381,20.910034254585177,0.4865015003783117
0.6238654947505787,0.7490978582265695,6.278384536052518,0.5452664252141582
0.6779863393256308,0.7776817754688157,11.440180508343047,0.5427506177430944
0.8789230552321845,0.859600889136132,6.488117508694292,0.8192029904133225
0.5071967443148779,0.6142273706656494,20.09488632373469,0.18072820603300524
0.5580363202534582,0.998166958028371,22.16474783731517,0.4835791270472181
0.5230013210108764,0.9873965810733916,7.862190951647628,0.6292770402032375
0.520364401159485,0.8251628431734684,14.595972076124488,0.4196243329622944
0.9277302920055036,0.5997712254645726,16.405912723888548,0.5344819426740542
0.8518289296900119,0.8401141212156457,14.226325544022915,0.6863819778857435
0.7370869145436626,0.5360992044895879,8.025625012129826,0.4477429246075134
0.5489170803255008,0.5153262511029031,15.473694754686885,0.19573834976246746
0.7458079375584161,0.6288414442556068,23.779451195210452,0.32585510219558617
0.7367358853902828,0.7313114783696582,6.775191613331387,0.6109418080844483
0.5866009349550076,0.9341362527041903,7.004500352047586,0.6479150965688838
0.7169258246189865,0.863584534883154,13.869282295899605,0.6065748565751942
0.6992523671986868,0.8713532605999905,28.543142790473127,0.4140448527724998
0.8079250490261083,0.7127466672240377,21.714316168072852,0.46237603340469885
0.8175468254338218,0.6729674962734815,21.96674891681412,0.43637594688995945
0.5226520048860223,0.6855193814923013,14.047999770946625,0.3226114751606466
0.6873063073132356,0.9938247818680289,19.84151978021346,0.6073945804508866
0.8129299578571182,0.5200545957062412,5.253279600693585,0.5279451555029043
0.7515681292900438,0.9335157480612243,20.902401160238554,0.597007615753346
0.9282449205941612,0.7893377042861967,27.83217368940592,0.5342121595829803
0.8293468158094726,0.7193077095947953,20.31433670862048,0.5012013062353785
0.5814672135407148,0.8626288302075682,26.842464836658625,0.3397737508289018
0.5352843737002149,0.7433344707123515,23.099326386652344,0.26177520312855296
0.8212096391031578,0.9367116190408302,8.013960410092256,0.8146381497818945
0.513255655270811,0.9503509320056293,27.561332682146045,0.3454704661529417
0.7928877906367316,0.7108604634367277,6.661096108894372,0.6393916543450047
0.9701151207124787,0.6384138986175258,18.349186813694097,0.5712824163905196
0.7877370889379395,0.7961751642966811,8.553428094836441,0.6761811819230437
0.694084963103261,0.9561816728083454,5.292665268272602,0.7675025118837091
0.8216441092211766,0.6053310945028333,15.550856503190975,0.4692064323863902
0.7291264452457583,0.8114832917817414,12.376017691353905,0.595216188795546
0.7728083946579675,0.8157801100462603,17.150012344940073,0.571317012842575
0.9707324043882626,0.8665565112076405,19.42999716836377,0.7307320611487473
0.6930513189003871,0.5657838425636299,6.093476807723684,0.46124928797820214
0.9805952819119571,0.8579124823410442,8.07508237809364,0.8748387467266604
0.9526753209780319,0.9545162603328206,18.966059911260636,0.7894702711317756
0.5978955673946482,0.589841554435121,13.579183829316456,0.31306274395528666
0.5346806504375827,0.6187716624619388,23.2293371887362,0.1654354181956649
0.5503890006887133,0.9856975470208198,21.307291214798493,0.4791713664004613
0.5091109128257749,0.5904884763547449,26.14010907474767,0.08798598439045492
0.5472214803779643,0.9271925466847896,22.31232066673063,0.4198369156159859
0.8415033867081785,0.7461389282240174,15.748276934753703,0.588276894927768
0.5355943242301144,0.6236155372015886,21.82416555986081,0.18751064493831845
0.6594878151468806,0.9353749506362556,11.884529356385464,0.6424613799734831
0.9224376554847273,0.7226526275013327,12.657837469455316,0.6707119138645342
0.511635967867913,0.7574086769648452,24.72462899801983,0.23403648466798554
0.9072342412944678,0.6796166846998828,16.160487910039556,0.5824801887104284
0.6409273873867,0.7964754257174638,24.959508512958813,0.3584536059225229
0.5590824138108281,0.5817619362925114,25.56055934170696,0.1264997844976172
0.8483685826820753,0.6955407683258803,26.439058441532094,0.42037891072135347
0.8144714233899419,0.9847061611676438,27.91588089603018,0.5948909494169218
0.9387360067635264,0.6290667163505638,15.774630512832406,0.5729340445006972
0.8675355219019429,0.8283683322706461,12.97167045802847,0.7051997954995716
0.9017404651924243,0.6625950321123475,19.554968664852847,0.5226410161716609
0.6410172862856532,0.8867365628433004,14.279310585940689,0.561489127824035
0.5887197718898614,0.5654368303591749,20.026854170005826,0.20635131874048376
0.8753073758204292,0.9849105225392724,22.639646566095614,0.7076066063945534
0.9034173696336321,0.7268947706918196,22.21012546230342,0.5390773063368641
0.9952525710003366,0.618025231673232,14.363822175503033,0.6251304311912601
0.7063088384557132,0.5367483736650063,9.17150504246882,0.41049809736675746
0.6860090428963916,0.5848789525437703,15.763233461555188,0.34843359077921565
0.8882064803709984,0.7598869742780088,8.56485360204772,0.7245962771032672
0.6704017701265089,0.6685015882156431,27.252425879595208,0.2550159272977184
0.9653786628017824,0.9144416829413047,13.646936518446434,0.8358350279333929
0.9292063759215059,0.715443761830903,8.861493680583095,0.7182504748995214
0.7144970136875092,0.624357136293815,5.636193997643772,0.5275575442184636
0.8754355338957487,0.8085724933020151,21.145559657162107,0.5931274250211597
0.8772714370423411,0.8533886084427229,20.92255793636858,0.6312361370248585
0.5515619344179663,0.5835209539504749,13.515104164532291,0.27403285842883723
0.9512764533397833,0.5838096081441588,6.792797221191275,0.6614409398635598
0.7526261862239285,0.5183357134667714,15.2407223723808,0.35507832680524587
0.9132287330538709,0.8682010075328203,12.780437376584839,0.7723196781426606
0.6600248005153059,0.8319022638109026,21.928015993375233,0.4379332396287803
0.9477616142481002,0.7373154378749069,20.144481236317258,0.6065597576751939
0.6946008393670815,0.9220852244845985,14.1148432049385,0.630848707894415
0.5054188257401492,0.9028350764750266,10.447313856374752,0.5193972303145952
0.9526909882096318,0.792677182198376,29.700899153889797,0.5316700923475177
0.5456433383930668,0.9341356402566293,16.35004052990287,0.49907985666633087
0.6596568187952074,0.6029206050183842,22.206855894505928,0.2608923231571418
0.9750309835254025,0.5559598096988639,8.513824189459019,0.6366404769047831
0.975303573468778,0.6348748057584948,17.139742491484945,0.587781303841752
0.7867189440616431,0.5285434280446575,5.6884179967366375,0.5090495851345196
0.8159186060848996,0.765584764000516,17.636377947761247,0.5598234071688034
0.7242227609891598,0.9683028461474807,29.100435177942558,0.49926147804422133
0.6466053858490323,0.5196717703342548,14.605167824645006,0.28388867230664655
0.664332272684958,0.5610549570050134,5.97490031437279,0.437437992791615
0.8362592280385193,0.7260995141417177,5.7738947729835886,0.6949235843835979
0.87618726471884,0.9669375087639525,14.699668998671736,0.7947964778550951
0.8957895218629243,0.6580780524883753,9.000623411579852,0.6478104360645055
0.894809071397277,0.7536174043441962,5.583802408204647,0.7624390414761513
0.5456030515243452,0.520786429525196,23.90534034875442,0.09103978096044187
0.7472101523512907,0.5741716004810444,16.463075222047266,0.37781196510539655
0.5287793800083221,0.9933150614794235,12.231119299316363,0.5830347669778543
0.7747644411618677,0.9825593482180228,27.50207957541202,0.5684425808164723
0.7207652506866885,0.5024699904672048,7.90347400501314,0.4114906588288612
0.9438520913791499,0.9759058927116195,28.89797072388298,0.6737373957998857
0.6754575062760393,0.8195599689077502,12.84916793443382,0.5547549314997197
0.558533508213803,0.9339591472600111,27.21009180771703,0.3717546357058048
0.5714958410264179,0.7273699278169296,20.07357191198654,0.31524842983870954
0.8807553158587361,0.7577980142896251,25.667683993537185,0.5017130291945726
0.8091090316581305,0.7444232901284601,29.600329080261606,0.3877962471617542
0.5505613380613952,0.8334321287730522,12.210135945468643,0.47881287177173604
0.5420534030574987,0.5698256273781565,29.028387135189824,0.06085575739347448
0.85048456572956,0.5149867949363389,14.73704737256051,0.43293500222010883
0.5363815031820968,0.6539649707955955,14.637797618423058,0.30168793653984477
0.9109300296451781,0.8523403813683234,13.509677606362642,0.7493847645985593
0.8531211135782482,0.6009267260614741,18.53519018368963,0.4520572565401068
0.5406743903209499,0.8367162166624587,8.853626079462178,0.5161424859357472
0.542418857042596,0.9849560230536352,18.84278713395028,0.5036573501859737
0.9933197892505877,0.5469503578947092,18.5426203102501,0.5171989216549749
0.6871353978780601,0.8363010591125631,24.04754531512175,0.43504600082227224
0.6853210735334454,0.7218751096522855,25.84124904843964,0.3244807504429658
0.9063997836287513,0.9340711271887527,16.0110337578106,0.7762523806781124
0.9736242886919293,0.588574894723693,12.558331233787344,0.6092516956079771
0.9930005319114354,0.8463129761130823,11.48337243292736,0.8324701203027086
0.8766890926294708,0.919057644824055,9.865595917621798,0.8199077481771871
0.6881297927654579,0.9723071097370116,6.441189554975622,0.7607144900607381
0.5417503583493344,0.8416240141448229,13.561199470867834,0.4613076718680365
0.8885734579637183,0.7485873820042137,11.756192303269582,0.6760822066439042
0.7792021248679025,0.8089236201006069,29.160434646660185,0.41951648625524524
0.7121110046234882,0.9344524922393591,18.942720656251097,0.592574696894882
0.953177192547368,0.7853048733194148,13.681925975762688,0.7284579917023998
0.5555987411530756,0.5151935298484185,19.5116900248424,0.14977446673738903
0.7463125521454296,0.9654743477534888,8.479917533642388,0.7738574497380994
0.5056768223837096,0.8447633755157806,16.101093730055073,0.4043619923943711
0.7343303209970631,0.8382566928886233,20.655858035526595,0.515001950115627
0.5281516378409187,0.6078375761988586,17.222445794811286,0.22796931679591714
0.559408958134036,0.8294427351163286,15.044470016358106,0.446747869260376
0.5587631233885524,0.6969322028270792,29.846209722492453,0.1593537603910246
0.8246051510580318,0.825616488520746,27.007869053723176,0.4936415928765249
0.8730224396327116,0.5532965151539954,20.585148953986003,0.4052279176478844
0.7916843825485798,0.8289226523015181,19.23443402955707,0.5692576891812207
0.981086274237271,0.9997068628853333,20.5165119956146,0.8256057640367939
0.6874352897618521,0.524106019430278,10.032802695560832,0.37579243561142567
0.6428560431409304,0.9885870921106586,14.878443581607964,0.632384897016749
0.9342995640947301,0.7034539803614352,5.986488322272483,0.7492861208982008
0.6117979192597263,0.9353767251686296,16.888650937170667,0.5432792423953424
0.9816112697203057,0.8911927420291368,18.575614598941577,0.7683762934963675
0.5060772373449082,0.7835081304933339,10.693743402580239,0.4265057664207838
0.9849394133538195,0.8692246046256633,29.100721179137842,0.6215526693586311
0.5215799559752881,0.9392577806506739,27.73636527343105,0.3411684217568011
0.9455715568490355,0.7020701608255164,23.053580886397647,0.5415528749838956
0.76385055454315,0.6635165807816193,18.334665719134065,0.4343993681115427
0.9964823980596502,0.8337966927817924,26.749228991192123,0.633133571957485
0.5368982823676994,0.9039229709706293,8.266308595586572,0.5715398132375166
0.7769271422006604,0.8811425673883079,24.762744856872125,0.5278902280415053
0.9846512678095495,0.8989068244293172,8.120520349171208,0.9083506263018489
0.7615489220850744,0.7177916574064664,24.855266563735135,0.3914979883367401
0.8146993190676313,0.9089171080875108,11.894189206283924,0.7397539340175261
0.8478743444923086,0.5601045276853043,26.927264525454724,0.3113783660375191
0.7272705323838866,0.7722445489804248,28.601052345634947,0.3595278731209558
0.8137790400420317,0.5028793302490608,8.71989923512789,0.47187906935623614
0.7921571559615501,0.6622929149501351,16.56689012663484,0.4771816791811256
0.9505790052454945,0.683230767435699,29.524684454067128,0.4494876296409472
0.522723190170729,0.6980863458046277,17.085185899328664,0.29387477566094644
0.6404815947961151,0.8477336033449311,26.58868806286363,0.3763541817241029
0.9752057420382794,0.6942790506351728,19.718288053282997,0.6001369934827535
0.9451318919454581,0.7243468113112653,14.383247697990047,0.6674067919255194
0.7278283763928565,0.6187720654371638,12.144588888146755,0.4513480424719321
0.8100662989007683,0.68662589581467,10.080577277152182,0.5909337087556378
0.6386905914905663,0.6136348136315757,24.04495478444243,0.2299574272160359
0.5940605798618807,0.5365979618842218,14.663512670575697,0.25620408662246325
0.7318492024699911,0.801724296690689,17.78188655501878,0.5217250599514847
0.6766761140130264,0.8341063992775082,17.308137000029546,0.5104554578518706
0.791828055925436,0.8097451730048073,19.43197573082828,0.5523658245667449
0.5388673184824924,0.7317470219002862,26.639428640613804,0.2110786474909255
0.9871974038330833,0.6898928900896149,29.518483589585735,0.4823116437837794
0.9931053722398014,0.9316668247859126,15.189605214345423,0.8503924482877657
0.8490808570098726,0.7595408925681091,25.687973052657576,0.47881110458574677
0.7680481831720603,0.7395909388148655,24.11319486636794,0.42226598241399294
0.6547638081431639,0.5128210329032179,19.33822378638933,0.2251946264079152
0.9068975098534744,0.6706239138130782,28.90117859029833,0.4147625076556237
0.8423655862769397,0.6900978093929285,10.01186288821007,0.6188644996775015
0.5813084696724456,0.6994113904484502,7.731605257740535,0.45715047884023946
0.9554635922469212,0.7900861846136662,26.349049173885554,0.5740740383694791
0.9112686214615845,0.7668012733634393,15.978745415843708,0.6537877529930268
0.974899956645962,0.8039525463967223,26.174221355176513,0.6014752751954692
0.86285975419418,0.8824416307710641,27.327255129885373,0.561551012321725
0.8067075979678949,0.9064928693580467,6.561439840476786,0.7991187883830154
0.7091215181453094,0.8590615381132471,27.086619074651516,0.4305785878168947
0.9663642416770066,0.9777618479774673,16.207976384235554,0.8521939308621004
0.9330319447502042,0.5091162913381808,17.760812225105806,0.4528189174197319
0.5226093350530947,0.597888992841773,20.664812777330255,0.1728410360786296
0.5131834872486261,0.503781437489071,28.15956516825217,0.0
0.6882316834390247,0.8237373570773014,5.477902360744101,0.660531432116894
0.9052766653909164,0.9490152744749935,16.921086707945427,0.7752336104182121
0.9936380646574723,0.6217411482881496,22.193051060764017,0.5279944363480394
0.5752084455517641,0.9635172723981533,23.067673942455713,0.4589698725024841
0.7970653576760676,0.5301336951447804,22.3133107884277,0.30844233111565145
0.6904454283155108,0.9672180134027571,8.360878235203046,0.7344089925892457
0.9849571989073016,0.6758113436198172,12.48488970929203,0.6847548616840929
0.9210594615678543,0.5507104142246082,13.967888135425337,0.523058949595985
0.9191643523555689,0.7429358795931629,25.110930191987624,0.5265491132179502
0.7343465798974851,0.6283882838602539,11.968996810363826,0.4657694650487035
0.7074097511688326,0.6424364509809615,10.267624096680079,0.47747213475686023
0.6367035359653531,0.6536449824631433,28.936200475952404,0.1970473282832217
0.5281877483254636,0.9015129489163317,5.221582127836722,0.6015197992833204
0.9323611881275267,0.7695806383376272,29.945521392049454,0.4957292762241081
0.9064505045650388,0.6556538495780018,21.92053247143489,0.49112338598321775
0.9998588366430653,0.8051668916554592,25.711732486227927,0.6271097493665431
0.9983184185369527,0.8580753371115968,12.365484908654828,0.8342695852134494
0.7777158528013137,0.6363120003667668,5.357881941676499,0.5879430762686194
0.8844937075902553,0.7067745507626757,23.446737964038252,0.49394332564925575
0.9723828649412141,0.5609430466684737,25.853614925016895,0.4197539274262832
0.9248236953387057,0.5905746747673402,23.51190329883798,0.4357188255780375
0.6236740508715988,0.8405589269824914,8.571257182520965,0.5854076288998679
0.7252720676550468,0.5907191738478135,23.835698056424228,0.2807653840777421
0.5645797075757475,0.7625816918335301,24.223069552691026,0.2843319469545075
0.9770255136293612,0.8545231308612163,21.46351289175137,0.7007465407657085
0.80308731722544,0.553438461547372,24.152898319889655,0.30743373999387275
0.6143214027517314,0.7836561098144518,26.148035991943303,0.31363739394441714
0.8358503422029284,0.6282813918506819,20.34010285593646,0.4369268841872749
0.8090641202289479,0.9814634376187898,7.2151178492419765,0.8493812467719498
0.6790813590164202,0.7417728233599623,17.190695241680274,0.4438970716471299
0.5567787960998145,0.902996274887579,6.941233366790127,0.6025892611312614
0.8357865977963999,0.7751132710781309,15.18857577581077,0.6129312257629254
0.7601538504518967,0.5217062664274096,15.17766222814069,0.3641190454432844
0.8861591958678197,0.8165756877970112,6.650246103506039,0.7900807416959484
0.7600817505559967,0.9757016711033285,13.720513349236983,0.725929627748669
0.9260907501592701,0.8008059100731656,7.774952469782871,0.794178966959226
0.7759534193872428,0.9095944297133951,25.205880250230553,0.5430921486731236
0.7804689857676932,0.942103231674204,28.69220064911177,0.5271423929809224
0.9383268013291726,0.6140398859744662,6.807911881448465,0.6743247786967469
0.7017414331061985,0.6060224199541133,28.877880182292536,0.2109590956475783
0.5670076142253204,0.8054904944254959,18.06441498341863,0.396293581019376
0.5143913381566695,0.7055142349033523,12.489141948846846,0.3511465657048196
0.8775686278368096,0.9199306514333602,6.9215518819040875,0.8583578575744472
0.8101547756767323,0.9500115616990056,17.515606701760447,0.6965218127196551
0.8520398840496117,0.676710689651359,24.862888612268716,0.4287852247260437
0.6064820807544553,0.618435279487241,22.677161931667452,0.22646839183799972
0.5681857377933849,0.8902627576219309,6.255650286599344,0.610230725215436
0.507272332833941,0.637403017774068,6.822545884197588,0.36568305784306726
0.6752937794032985,0.9113071592568391,15.071832065815927,0.5960189072810608
0.7949588434273165,0.7118691268243814,12.382262351198582,0.5695783316100602
0.6961220225498661,0.8337749496457352,10.809608076401195,0.6068632577040338
0.7187374610118645,0.5477676569173341,12.02511247271784,0.39225491610711094
0.9520793472468743,0.8119296623382866,25.087068582422116,0.6039536678134452
0.6741277335116502,0.7258838393686146,28.230701340796347,0.2889141204853524
0.7569947445799055,0.793304231587737,15.127567363189161,0.5678502101269127
0.8918265063705715,0.5840071038724317,27.65277505331243,0.3535682888754301
0.6982713911606351,0.868436872472091,13.03739253119705,0.6066223204535386
0.8110433501139367,0.9313985387716143,16.91092465859479,0.690736574530429
0.9311818543733725,0.6083699000453878,10.650724945399993,0.6161715195078814
0.9747603118288211,0.5478572777600809,21.0119010543961,0.47270566616734944
0.573536740464519,0.5118192930231682,29.47452787937022,0.03516279620748031
0.9632938125807472,0.820985750221633,20.087327401084465,0.6823365766224134
0.7460581465397691,0.8035470180443904,13.945352102838722,0.5822329098221547
0.6291221941494791,0.773348706357035,21.19543614976321,0.37948893163975417
0.7295678781191306,0.6159735480579878,8.07301696163469,0.50188897273692
0.9900162876427385,0.6954529979527573,27.216477006634967,0.5176792536290704
0.7463090469964349,0.7972381675930865,17.577098769495908,0.5318534787870158
0.664375805143754,0.7483834294295847,16.23374355099105,0.44983955492547517
0.8167004271583629,0.9938927601074437,19.64661971133798,0.707802617298915
0.6200728093890966,0.5682198762783666,20.619596569735062,0.2247040741549999
0.5379316640543319,0.8475722770237969,6.7943951556628255,0.5482477201736153
0.5644398609553246,0.7021593840521461,22.06543053058506,0.2657185743978682
0.5640229194788862,0.7140998074628073,11.04829200788824,0.4133623629503148
0.5759513467561472,0.8587988828290881,22.848815812664746,0.38306233039816834
0.5694135863247051,0.8462180756621849,25.56336985960492,0.3343670236730475
0.8204373724016073,0.9956279968510942,25.098962688813007,0.6431892605330415
0.5909400421995724,0.5641971447270626,18.812524185197226,0.2224058220596309
0.6728336416619316,0.5520548246920831,18.00424730776878,0.28537158730949114
0.9483942049530059,0.8621694085643705,8.571899033485293,0.8474315288931961
0.7369808201314362,0.7891934585032045,24.38365376007839,0.4328791237851015
0.8337788692605136,0.6370803332799029,11.78523451116786,0.5498930156389981
0.5861599356008149,0.5397096844944933,17.417385570448666,0.21785470958707143
0.5961445094043354,0.5428291247982153,12.106852323187917,0.2947345129828774
0.5204343081332394,0.9470954373320591,8.345709074992328,0.5907460889461792
0.5844675315360823,0.5959336623593714,20.738942422293412,0.21722847064136053
0.6392951695159793,0.6616857810577603,6.358300870572595,0.48979716826405334
0.5885052421383734,0.613328201113494,23.716130853155,0.1959019080645535
0.5443512668785278,0.6774981529159687,12.939669881527916,0.3469361512778352
0.5603179355503004,0.5347119213730467,5.003367325112133,0.35106121745608254
0.7303893840163629,0.7595298954541352,17.778228480930743,0.4887426278449774
0.6031668592028963,0.5338062817961075,6.171297713190079,0.36806778942378215
0.6821349305240377,0.9001782539111808,11.904238945522486,0.6327178944467758
0.7517086354274285,0.6168560409552165,22.674412186392903,0.3351858931075002
0.8451974143146826,0.7700059573022553,6.5672405405466465,0.7249015389302371
0.5196560699205495,0.9400395437807292,25.98346230890006,0.3624082548457078
0.8997051994545213,0.825438684523597,5.095498066464578,0.8266405177833038
0.8139501947454539,0.7664788932756676,11.170596730047556,0.6405435627168606
0.540879515974436,0.6621668765576878,23.522601403801787,0.1992600092234037
0.9367893120533886,0.6665009565290989,12.90675374323267,0.6359474229567097
0.9604362002659066,0.8347434775990951,7.547309701650338,0.8487121060260258
0.5305389799274318,0.9970696806105838,14.005847970010697,0.5648276192321798
0.6384388240736019,0.8309195949246893,11.759832159613138,0.5490778519557449
0.9031006398965307,0.7788917086850125,26.06779755401387,0.5295333711227647
0.8741298451918291,0.8653252551196231,12.833697939628578,0.7398902680816556
0.5922605096781887,0.732602806141859,24.723311794400182,0.27628521645234955
0.6046746616683552,0.5300711713003926,27.296803620268367,0.09999178466065074
0.685236051395691,0.7811484079389549,15.845435489413239,0.4953086583190369
0.7422614925955107,0.9788126422526902,27.7485785963598,0.537907945250105
0.809127385765148,0.5876514711788299,14.432951349079822,0.46045671935123494
0.6844568197848862,0.8450024454103329,29.101960412252705,0.37586708181299994
0.731267358066574,0.6004668443295282,7.232238113139323,0.5020446474549766
0.8737354690668783,0.7679138422365406,22.175481662581067,0.5480918074841871
0.518341601445299,0.5483382248233598,17.34535101142322,0.17398036294088343
0.6262184721720103,0.7251854681290926,14.691220136391177,0.4228695412294369
0.8566747929422762,0.878081664447623,20.817796968715022,0.6356564882950404
0.9476034188435997,0.673785762119491,22.59642729085828,0.527455007522605
0.755838721057833,0.832455862243609,5.109081741257727,0.7229297454333917
0.7660567426326579,0.8977249803948646,9.173827218679968,0.7287868354216662
0.553586005669888,0.9635889097397263,22.826151265857966,0.4457102255802939
0.7237061834117273,0.6173210409277268,21.65963533945516,0.3271474470851015
0.7663086332275115,0.699657957904654,29.15118762821693,0.32720809723059185
0.6212352518173648,0.5762080066652087,24.025944756269574,0.1886735896457388
0.6346216154746904,0.9962417510791877,28.76931769328345,0.45678350446747906
0.6886420815523113,0.9635004839621477,22.563512538370173,0.5511379137554778
0.5100355988888632,0.7699785651402797,12.451305215986078,0.39710153724288355
0.6610395827915891,0.9210166471882106,7.634123056271411,0.6863692826293117
0.6057240034982723,0.760478988636021,24.54559658362339,0.3098035785523023
0.6637486760889573,0.8117928440013799,21.1037305368979,0.435930189960292
0.5598810659096256,0.5445622160580084,6.204650309832406,0.3430352904765235
0.9452636403699475,0.877635210248404,14.001261647524458,0.7883005050760504
0.7967962267770243,0.5638567418176175,28.919995387107154,0.25044366172757415
0.8395511595722448,0.9130338151262642,17.51002864275503,0.6908561312108201
0.8945856193036692,0.891014043835193,15.818228400492616,0.7371683335425722
0.7492210994645286,0.8543723488714883,16.44249012898235,0.5915914717521557
0.5434601440437119,0.5180801902623811,10.222068100129093,0.2599158419012424
0.768553270909274,0.6515641779726643,14.21767927161988,0.48082914166284557
0.7934205590104395,0.6315562849554215,14.245331399679415,0.48415704422901745
0.872719737092165,0.6800682037357595,6.30887550468681,0.6809363032835095
0.7158297731148398,0.5438213733819193,24.189190712947955,0.23368124299492551
0.5637901513977819,0.9684789115155314,15.412610797596974,0.5506144961647733
0.6418879528993622,0.7769011203561882,25.55449717041058,0.3368677888024423
0.6815411481993175,0.6527621553290117,26.258700027997385,0.26406634784313987
0.8229586206658006,0.6984907585371417,10.299851367466452,0.6068998406990024
0.7853891523344559,0.7236012702524178,21.433837054253214,0.4570748439575122
0.6780483629489231,0.8002971666803087,16.807045104074543,0.49223252758639247
0.9932576243964899,0.7578397138482489,27.003918448037126,0.5700134491211509
0.8028874096784435,0.9596959866072087,10.393516979411352,0.7881594935428062
0.6186133958679972,0.7484817414529151,21.945330007751107,0.3432677116802784
0.5508912363102019,0.9960790074116563,20.193803056318064,0.5014469064154358
0.576429569592166,0.9257124788725479,12.38253693929582,0.56602952453781
0.622978864192254,0.6042552571786679,8.415022591279316,0.4080656070022194
0.5803406866297778,0.9652976073219581,21.290994011931915,0.486603675265304
0.5932835120256529,0.558183198942738,23.46493645330827,0.1609622351833635
0.6425475843469235,0.9087248542455958,12.89068359408375,0.5967936411391979
0.5866867976473774,0.69031164673829,21.120815100557845,0.28549807596903765
0.9483827123132126,0.9389871602225348,14.87827269028758,0.8260199169004766
0.5401168728308211,0.9340283450537252,22.83017208206544,0.4131034736063948
0.7622556947851273,0.9029627000588105,9.980381872351327,0.7197032283298311
0.7051984134948308,0.8950152181535307,27.25537506590436,0.4526847591817407
0.9911893084543032,0.6523395695490204,12.185239911639492,0.6754899778696778
0.5560194510840262,0.5404596415256261,14.194649693903823,0.2362564119256277
0.6989277995228709,0.7014900893825807,6.452298802008745,0.5638453430409083
0.9847352166376844,0.5867622574932543,7.78780530803191,0.6764426616332603
0.9327535629469901,0.8474755444512309,17.896547567808202,0.7068975702981528
0.9085360354746399,0.6730498632688928,11.689816918199288,0.6348714773486832
0.6289514135224699,0.9878051004299575,25.88700564355486,0.48245604178493795
0.585443793695033,0.820486038672666,5.367334716373846,0.5816969563211268
0.8343216099622155,0.9112402818171805,14.477351216798406,0.7237843071842116
0.964687994563793,0.5662623363709243,13.433638669227317,0.5745714206949288
0.778381446506965,0.9310072411363113,5.483190772940026,0.8098314444474726
0.7858063447349499,0.9613785952566971,8.109209975012757,0.805314017269224
0.6399895468301421,0.7435309594094679,15.341066872965882,0.4389742591756566
0.8847464665959685,0.8031264688754887,17.321614611186163,0.6442712171040758
0.5935218742787617,0.8824049004514978,15.107243681371727,0.5118368614991685
0.6618396182021218,0.5874193136302063,18.273441960302346,0.30041563557283185
0.7127182193082084,0.7512830382317213,19.878291872642038,0.4426515635902102
0.7538051893422275,0.6993315138861566,5.248095528195891,0.6189170302321644
0.6212048662075401,0.5731869960811246,16.602378986337598,0.2799754525597036
0.5574184123696018,0.6837672111457658,29.087481022189706,0.15794329774086086
0.8053100212208163,0.5340861546927468,17.975807003238717,0.3723661665352149
0.6443152766201279,0.5129059534747435,21.93855668647383,0.18456359421604285
0.7906191107113061,0.5675831445774113,12.79659644792208,0.4519041554595801
0.5771813576371012,0.9815575557945869,24.349784453819062,0.4579444495637936
0.7405700509274087,0.7747647679475085,24.323037046902876,0.42544241538383226
0.7662947162757929,0.9829110805766099,18.032401191353472,0.6817123890144102
0.5259117684112135,0.7162489391650659,29.40034558198034,0.15473584585042516
0.6683021390969603,0.6559080665426298,8.138755369066335,0.4849209242712665
0.5672073384694871,0.753070931420122,5.423691622239525,0.5161827649248039
0.5316874852363839,0.7197558443164551,24.2539552939274,0.2266545746664315
0.9949801161949726,0.552832342130872,25.178888434122065,0.43922261856476874
0.6611769224873615,0.8204131573451031,8.005180728014405,0.6056780997894422
0.9049372229273174,0.6080190912547998,11.639570823965151,0.5835802824575529
0.6273203273818819,0.8097939774489148,5.438809084165722,0.6043896835319457
0.8407513611119646,0.8251005461990767,12.332715269514118,0.6905198163277241
0.8801139299448433,0.576012426564324,24.328546847966788,0.3805761164228422
0.7978193703039221,0.5306748135553341,17.949013192814473,0.3644556425881823
0.7357880942750792,0.8903807930342199,13.702389829207203,0.6432243658177945
0.7059204570736343,0.72990021188466,14.293482372658257,0.49175424726801054
0.6744341332714976,0.5290818977527378,5.0338406428867035,0.4327570378733273
0.9647645721239129,0.9974331585848836,12.495013189130898,0.9126869928429687
0.9153097038938646,0.5288902804981833,21.161468540948263,0.4114892724740466
0.9825134553332563,0.8475176144292766,29.35486109540893,0.6000891209896527
0.5621486117427723,0.9918394626317069,26.176520674597487,0.4313150003870013
0.8654337376018222,0.6195900521079628,5.589874116138228,0.6387328383744307
0.9691702284105189,0.5711246843435981,27.464015116870982,0.4047196285563012
0.5906165330828301,0.5606924697112144,24.57996033246565,0.14678255758846848
0.5332481336833887,0.6516375737837978,24.50940308927451,0.1730762420448879
0.8705603246450295,0.5505229055053233,16.44989397508929,0.45341180906551837
0.787236556589956,0.846080670847066,14.95013232386257,0.6328988366620961
0.920914388379136,0.5311458990650313,12.572893220829815,0.5257375428795031
0.5698861883131447,0.7547110640748949,6.642371473859145,0.5040830356679373
0.8976336559299452,0.9983484269264884,10.705884087342477,0.8851493371677582
0.6008136600238723,0.9069851347530093,11.165090874450616,0.5856612814196066
0.5818279714328523,0.8076097191155054,17.10192674275504,0.42124687729186255
0.5821328989654965,0.6531268103933059,23.68611016491735,0.2215706089542215
0.907287360115691,0.8119479181458192,16.845245709948664,0.6740067771804051
0.8325986103481,0.7635207319558258,6.446111236179015,0.7119900898622459
0.7615327123845597,0.7130416919451857,28.944745024705096,0.3363239485142807
0.6794152420617512,0.5653551883700998,28.568107977352806,0.16720479435619431
0.9386002704065541,0.9433021076202334,24.62973857871021,0.6989180819646589
0.6962225537113177,0.7248923244106613,29.783197539105515,0.28530392849178227
0.9082997197357885,0.5973112559103826,18.612058320006575,0.49010036175393124
0.7195674542851092,0.6838796754386448,29.069208756330152,0.2809399380039177
0.6884722147124538,0.7070648762644636,6.890126015418769,0.5546315922384947
0.7313398928348032,0.9137689477834372,14.142018706534284,0.6520105551572349
0.650688937082071,0.8668071902807011,10.634531700169145,0.5996885399426113
0.8738046900881256,0.8846524468206699,9.895827103356751,0.79131341378792
0.7513601950462396,0.5055156322143236,8.520073722316901,0.42916768475495787
0.6161063475734087,0.7080769990898808,20.560341039149918,0.32826546283028946
0.9497872866372843,0.7406720758176618,24.533046393682625,0.5552925524160919
0.6919456106866058,0.5095961384115284,19.45745998550902,0.2493826916182377
0.7717764305569943,0.6299066043725171,8.674067739705242,0.5367862285108466
0.9532360554822734,0.8801449115610676,25.27809424833677,0.6540313198148012
0.812118997956996,0.5685548528644995,20.898867679093215,0.3667370981700733
0.5584490203541821,0.7676550657262958,14.704142653174888,0.40356484864178244
0.9699160618067375,0.6076009360086188,21.853257388401573,0.5036328467087089
0.8138540265357089,0.5060603873219467,11.497624481070822,0.43931569594106734
0.6674528073285431,0.6206007287997708,13.629805212355263,0.38832330035633644
0.5696360363316937,0.9879368774550269,27.937146078299754,0.41182593484001867
0.8970125946351479,0.9007685559414949,12.262612641785509,0.7912207975133659
0.8100363779642568,0.9797883221605167,16.749706703948416,0.7286191127141296
0.7667305459881608,0.7439270219631813,27.253528434900367,0.384950383720091
0.9469462915254788,0.5548680993387518,22.693033756688187,0.43576713148476054
0.8942986056122654,0.7739797444868465,6.555080654117569,0.7652111322590914
0.5758374398663756,0.7271886672799804,8.682576106974258,0.4620356100205971
0.6558610338977742,0.922178541369808,5.19603976929792,0.7140743252787921
0.6242445699072329,0.5490412903921222,20.773044755729085,0.21141501798213494
0.8719731462863385,0.7441205685108891,16.19183563526046,0.6042098415148065
0.5167662173678897,0.5750243323469921,8.356871272556887,0.30632297423854243
0.7849448424356582,0.6623379634450299,28.948353026419262,0.31562976763915923
0.8812293428703453,0.8686785386938998,18.241493098640497,0.679606951540462
0.9383828183808747,0.7380090646843833,11.04733235282223,0.7147028776458254
0.6710408743579537,0.6879441425728847,17.51508927886769,0.3929965951696408
0.9106286523360064,0.6972381392850177,21.990508318377696,0.5248646234403387
0.5553158684776036,0.7297233842029933,6.905980449339112,0.47082956793123776
0.923226145867259,0.8925082719185284,11.8675953761973,0.8097852821372098
0.5637443311659912,0.9460423444701171,25.17413727209984,0.41051241695038504
0.6986436452801836,0.9776673432519641,16.49162176006653,0.6459896463256577
0.8986476828897768,0.8934516931276475,18.664428550807372,0.7061956410685959
0.5749587136743869,0.6577034478740064,15.820400055236732,0.3187912538055814
0.6146256976163207,0.8440673530432711,6.097498566075128,0.6124100342274446
0.8611262841965331,0.718801562027696,9.1437444955039,0.6657227602231093
0.8600182682730372,0.6273353110230255,16.13854096854727,0.5074777524089218
0.8205738164426486,0.9204357897129614,10.229636635198196,0.773903391111795
0.84697422223355,0.5192131744811626,6.249475716491968,0.5405043090021959
0.7713622216737981,0.9508809960677118,26.091241601295593,0.559691346124008
0.6258995294534764,0.7307387323123671,29.529813229102896,0.2397164038209857
0.6728479967519597,0.8186007384041403,24.828571849918486,0.4009955752702035
0.5907988584007129,0.8296769611028914,26.344623042616675,0.3281805522895832
0.9542252806668141,0.9475588703532682,11.049428257926134,0.8852070895602471
0.7916958973830602,0.8183348410836037,29.015674387829993,0.43791510725152905
0.70042570838182,0.8069667923800309,9.92314261133571,0.6010147435321438
0.7310029018220663,0.5333260202803449,28.785745259045807,0.1792582618299046
0.9736416698059076,0.759204010972602,29.870482349148777,0.5200572108355607
0.5766757015580402,0.5750845004085208,22.793070143651217,0.16965646606585252
0.7931149160083986,0.8687168843607428,29.52859329479555,0.4706396628105422
0.752944339442233,0.7561109604063372,19.23849448917759,0.4848070130125779
0.805727117717324,0.8401138896041767,11.488544579402259,0.686024592081482
0.5090550919104202,0.5208364503011922,15.924897141640521,0.1640583373642203
0.9360619544720757,0.5423960080229016,19.839023384469648,0.45408460517266597
0.9660591412418063,0.8581616940313411,6.827039050675374,0.8797670494181403
0.7825665917946045,0.5360421679993367,20.55858161543115,0.3240699450024985
0.8483254119384461,0.5356283638826294,29.529445919057363,0.26038781427519797
0.9612496905886478,0.5060542376174437,9.75269124459319,0.5728333111244251
0.8536193171566993,0.97825069914974,24.81487790720958,0.6587292608996739
0.5762695214571307,0.8687541797295035,27.697469844490485,0.3296940712030245
0.7881441800834066,0.6766257042510321,28.59253982050552,0.33334717636477784
0.803357523191428,0.6482677906438277,29.00339011013618,0.3182212740733925
0.712065335651193,0.6748516148729248,18.036490968036798,0.40755492274900557
0.8682221178123615,0.887326765590591,29.432697699787592,0.5427547654602317
0.9671835073845074,0.8306853055352073,23.93275517836097,0.6441276163967657
0.9627842564533882,0.592597783933734,9.041785905924048,0.6484372177910103
0.725419685702066,0.5870546676670422,16.922502661699248,0.3652793310876551
0.5566190229203776,0.5491978248566987,22.9582793843001,0.13281268397157533
0.9924205994811672,0.8301513598506691,11.183507895477083,0.8235848162378022
0.919449043222967,0.882186331110868,21.015379588722183,0.6837652359163744
0.5623313406016335,0.632523214162502,21.66501197616548,0.2164861514011524
0.9604209413086862,0.5104724805154564,9.067493595214147,0.5841893878506237
0.9349481810310641,0.5410858337382136,19.12713281131891,0.4612275383301503
0.759419028563036,0.9839300174225152,24.290672774465193,0.5983649281426721
0.7956377178724646,0.6477223887387101,17.47239161339855,0.4573727718923877
0.6995013519350651,0.8846115739190668,5.302577919402686,0.7173259543541022
0.5273808194110157,0.8123317844271318,5.225961726982304,0.5333800401144482
0.6675986208229505,0.690969819826448,13.925733599250304,0.4379428858798363
0.9014267242990057,0.6028436310977776,28.15485171079455,0.36875224131631795
0.5023160115023014,0.5606932090797032,10.71691949009022,0.2547871597812152
0.6667495858455721,0.8075064840194333,20.859092221792178,0.43804249324307404
0.6990843467954717,0.8873168903188939,10.551896767333014,0.6528638142512752
0.7686978014689614,0.8219521267705654,13.041749741488715,0.6246815178116352
0.9599278082063802,0.7651510666245791,26.2010522400371,0.5604520869983781
0.6731729971829806,0.5209756117158182,23.221536056748672,0.1963243999294525
0.6734766009481139,0.9842443887971919,7.384981932830266,0.7467585026029502
0.8687506240548741,0.8993570958272873,15.71755052466084,0.7252035578933768
0.7261089704449035,0.6464110183504823,5.729244091131612,0.5518555924946302
0.612302411469991,0.9899851646794253,17.022253665075226,0.5832926865730963
0.7262197580663468,0.800940794818161,21.560850292526702,0.4692206457819462
0.5704285101898999,0.7912113291036232,7.962565589953789,0.5154617324603968
0.5881934932531117,0.874036589714766,12.222123472729141,0.5378551350622082
0.7491838863697399,0.9058848940450688,14.945915637553924,0.6494091228325521
0.709462724752274,0.8282393036657514,27.988275616401243,0.3961469851209262
0.95742295053405,0.5640478731831,29.831375385574102,0.3606252068589366
0.6811969495583166,0.6691337529972492,6.122782474890396,0.5301048060376008
0.7902941751390218,0.9640418201630249,24.0251980873848,0.6100252112463435
0.8161321439597652,0.612307805921926,14.29310166005858,0.4861748335880618
0.5065472282941668,0.6860835119187567,14.811454655737,0.30122640024218067
0.8317686860083553,0.7160384414720979,23.85662433367557,0.4558922232535859
0.5890179834348757,0.7197024948472261,27.960660803635218,0.22324893186079175
0.9805351587347275,0.8064697912472627,28.77321486256371,0.5748702876547097
0.5743313638765565,0.9715379188723539,19.42806465095802,0.510269821196471
0.7073120618635118,0.6203463559162525,13.92802898251257,0.4145275755385547
0.5426748340393219,0.560750688150459,24.688727146469482,0.10918261994285021
0.9984371259229736,0.5987352449299687,11.275034581557506,0.6518944927306597
0.7510975051656212,0.9434624501046347,19.101850720837945,0.626881956089526
0.797692508660022,0.822905406327603,13.96446153812183,0.6357046945685028
0.5335382386942138,0.64295339461958,21.415776842696904,0.20573569248881046
0.8749802351995889,0.9079734694843087,11.009972822337673,0.7957981092376097
0.6049527965477929,0.930684998181718,9.789823643370644,0.6240661298409864
0.9490271447203569,0.923257169345139,27.955977166885926,0.6496975177649198
0.6025698202410036,0.9594632668197772,7.545092073738422,0.6723425478821637
0.5953438603318333,0.6261205100866808,17.64894769337329,0.28726123173201684
0.5182748339240475,0.8775209643731392,10.521319574075223,0.5090382865764209
0.7360334725549996,0.73026974863707,5.9732490831416865,0.6197346258876243
0.7824205666313082,0.9209992764450308,5.900470457285659,0.8000535857002414
0.5328543197141762,0.8642453385808067,9.380544302645683,0.5244098596678999
0.8877638083475052,0.8882237232498623,26.669258862650008,0.5930652714874154
0.7266444173740139,0.8280809188405358,12.061968599425667,0.6098561115631024
0.7621951346637901,0.5887143847348535,28.761479264382395,0.24507069257018776
0.720381373469114,0.7725134594484692,19.54055732472984,0.4687710994074043
0.700381530437663,0.992334869762254,15.915354744219153,0.6656685752898501
0.7798201656541089,0.9686940332485594,19.502220866736366,0.6626548282864921
0.5776201229653563,0.5215868678985058,17.917459630656694,0.19137600879367855
0.5909640652476356,0.5824074078647186,23.96940634393313,0.17117394410622255
0.9308928105067587,0.565864386727281,12.062401649321306,0.5659922523543569
0.9730577310668164,0.8629899549926477,13.82625979000756,0.8004556055073142
0.6866546581398765,0.9088926649284725,27.352357563331267,0.4479313128406805
0.6353723365717769,0.606755683155336,28.661412828760138,0.16402899363555318
0.8219997716195079,0.7529263464759145,27.31395568716186,0.4328136586616333
0.7043670855490483,0.9203515140056,15.48619984893284,0.6196333926821154
0.5126931778301724,0.8664007723831253,24.50913757517204,0.3200165567284137
0.5780762986830952,0.7711186027459241,16.90839333252747,0.39323982802569785
0.8579861144236988,0.7951738452293864,17.438496303652556,0.6165336883207394
0.8294619709550757,0.75418027345814,10.117002726432098,0.6562603513474738
0.5135479962517417,0.6487742256594102,19.77825758146291,0.21566416681934977
0.6109860809664747,0.782510996429508,9.653397443833699,0.5182435103909442
0.6155373982940358,0.8444426510250453,13.289117476679845,0.5226980673242054
0.8359463717993643,0.9366614579304038,26.37575504049838,0.5942092645448417
0.509855268877182,0.818145676989624,10.17689523027138,0.4620882084973663
0.552054290992287,0.880560768521579,6.77895712933582,0.5840864244550404
0.8999580426865947,0.5800358174772865,6.725189815320407,0.6206109847970478
0.5892723310271668,0.730778737209895,28.519613012577697,0.22477325859682903
0.8263730539259373,0.5046658099135466,17.673010949045867,0.3698612993381874
0.6190913905233633,0.6233394322608115,15.235301795425459,0.3335602124569213
0.5497206963796726,0.8632308575565024,25.271964525197962,0.3360138640942745
0.621586095499727,0.9959049756746817,25.8956481977629,0.482902822160645
0.8611334659278296,0.549589049793608,13.304775827890115,0.4852326179935986
0.9278482340531429,0.7007471579306441,22.34045143684488,0.536135023824232
0.9151099322834958,0.9000354843495797,24.278070396297164,0.652844611143261
0.6985917648092275,0.6020178173144495,21.366267171648865,0.3002670126694332
0.8340425682853231,0.7775424746511431,8.789876870002484,0.6941366745936255
0.6024921477079105,0.8665356480148374,26.897077087926426,0.35794833144534727
0.6465738651305066,0.8079927251300896,18.477363818400217,0.4531789261696688
0.9481679092605599,0.594012367307708,12.061810659250092,0.6003665749896759
0.506500961755368,0.6776922843428697,15.630704635942347,0.28451196254684213
0.542754265427234,0.8918958922426986,5.939277259972685,0.5962144611681429
0.6039431275730136,0.7771132570660083,8.196670030560439,0.5272001545930695
0.5132661019369098,0.5026148067714564,24.138668762896522,0.04988300109075232
0.5907177175448987,0.8804953800140469,5.000290868884154,0.635718333749166
0.7915207804848461,0.5176556774701195,15.414145712057305,0.3818044132257326
0.7107122752962489,0.8728668913656161,18.06275452713971,0.5560173718331723
0.9463358555384874,0.6012402800826186,6.365860500024308,0.6762745020785581
0.9087217808692205,0.9790367400596901,29.326954074308322,0.6441173214679821
0.670908675848938,0.6839703756510422,10.653133281241798,0.47641872485452474
0.6297117167156463,0.6634658081690396,12.60496799090702,0.4051231944339431
0.6898462040836335,0.5744440251662224,12.598562806375682,0.38334798262933656
0.7951474712574038,0.6528021077451074,10.760416552933748,0.5454825786358881
0.6340318204114381,0.9383253809141003,5.036845552157786,0.711782495672031
0.812074453924567,0.9981671688136237,23.233619852199908,0.662304858311439
0.7047058260956203,0.6841547652534241,29.171137494982133,0.26861852468240155
0.7760235904259901,0.7243053154772713,10.607337082126126,0.5870428295117913
0.7180632645676583,0.8610354691013685,21.57617979508556,0.508323504907173
0.6472328797709588,0.9430978902325373,23.547408173967877,0.49196458394729503
0.9742266534810784,0.7965221670933921,26.210634477263117,0.5948849039686762
0.8818028970798804,0.6957628490889147,15.565729925340229,0.5829549166433132
0.5700565878832262,0.7063109204243119,12.573272641010732,0.39280449724275796
0.9342339879489564,0.8478090732484034,13.132378350575777,0.7683457676062019
0.7437155991247568,0.5016091318021394,22.81553332746282,0.24016365293488112
0.9472761134470458,0.8097946687299203,25.4194866626409,0.5945124765684887
0.8999276279736577,0.6777465052206787,9.540349193915066,0.6590164608768849
0.7126067522346167,0.8970986656385421,14.27352520394413,0.6235662202004418
0.5112346541600588,0.5464953199115661,27.548504918728753,0.03854804638114234
0.634338679692473,0.7941011334741952,25.16733799236848,0.34905153377456166
0.7708171073304335,0.7404864449430619,29.621460069061897,0.35557971541647343
0.8167391099130736,0.8211627629526137,23.856206492052017,0.5240627173423178
0.6289438427166012,0.5324267972414842,14.829880025698056,0.2773428253735976
0.5696780370364121,0.7899918937140656,19.765945849865943,0.36513168732626716
0.9174651183996496,0.7807422939797619,21.525356356183007,0.5990814033640379
0.9922010903517761,0.7803300472080854,6.961395407928099,0.8389646653417845
0.7628450911513429,0.8017438332982274,18.612423977596627,0.5347181662940836
0.5858396429241517,0.8382339686131811,22.73302071181524,0.37644462198717327
0.6361536632596845,0.9024944998403849,9.18303260002651,0.6339953427153625
0.5091953382737333,0.6349103600641072,24.515792935638927,0.14214171957539753
0.9571494032802494,0.912524705090031,19.594319512852792,0.7531624421283094
0.5588755414450706,0.7491278411317268,28.805544642439866,0.21205246747143996
0.7882582377571268,0.5385291395671656,6.060557455172292,0.5130766983816262
0.637027610343603,0.5292754646219896,11.633153438886675,0.32138513125471324
0.7770890012578967,0.6671191593480303,20.038846982495603,0.4256516210403084
0.8257101941759322,0.8924484885557338,12.413997805148266,0.7290698901315662
0.9148709018536008,0.8538404673704578,22.860604101781057,0.6355869771090872
0.6032106358803015,0.8943074823362032,23.975132063048274,0.41634944276983865
0.5054979143292402,0.7586345282208047,7.562899101661861,0.44672789354940656
0.5684428150344036,0.7200994989777453,17.846361605169193,0.33552268929827705
0.9500093209240525,0.5737262633531419,17.722263889776396,0.5150335804386644
0.9369450387812577,0.6640963768046557,14.232019255388527,0.6175344667160588
0.7987065510851541,0.7170096830869377,28.323121564241802,0.375290266300224
0.8002584302168267,0.5443002148398086,25.68765799683053,0.279026278474053
0.8325183372731277,0.6103059763556056,22.43023454774092,0.3944494154233825
0.5876856393117248,0.7991126470318695,22.858165893374938,0.34666423083137177
0.9572059729624799,0.8678315571195949,16.542903595327978,0.7578687300100084
0.7093852624460366,0.9991737556964748,28.024863027414398,0.5249551485356915
0.6915692641247487,0.9665566656717788,22.364885681332133,0.5581695644675488
0.7594588526414188,0.8212825997675958,23.22452654139541,0.4887808650902021
0.5234829833875275,0.7106240266470361,26.54227259468363,0.18468251691472715
0.5831416843780397,0.8180886823541164,11.851789733554774,0.49637293766750595
0.8690168082131853,0.892825809040116,25.176772596667575,0.6011834264181536
0.5413993339625632,0.5591680954616937,9.881015073912302,0.2937441928325982
0.801576054733194,0.7049524448481441,13.633548806122196,0.553573137728451
0.6226745548406605,0.9199011428178085,13.390261356746068,0.5839140981285361
0.6946478070209883,0.691916475966522,29.463136709728513,0.26319906418806377
0.6443468683853499,0.7859361356135932,26.41343059369817,0.33473296071719777
0.6778363582324746,0.793884680431099,22.529246539756492,0.41506399748861866
0.8595229525921227,0.5922381265668197,23.176419040384754,0.39180160360914174
0.6485608578115876,0.6811177208261442,19.051819860064278,0.351445451250924
0.7832023201484486,0.6672556443709661,28.67726667771298,0.32145045230947894
0.7380252010995498,0.5130983542660323,17.40646882205904,0.312758857857226
0.8318355826813241,0.5120958819456776,14.512942746747363,0.41946396696057425
0.968414869662379,0.9158485218378867,9.075883423289774,0.8968372049222799
0.8662860486051251,0.6365354049864063,24.65514130652645,0.41178706049028957
0.6074701892953784,0.7590393831194078,23.361098301889786,0.32497195833848164
0.5155915675306424,0.6493627867943865,14.608875963103372,0.2828410878521204
0.6311320221499126,0.9703396225576703,5.629835348980734,0.7263327841742183
0.7975389653501275,0.6296483794328869,25.974933192950267,0.3379202157058816
0.5257129067421251,0.7148284063694675,5.285449586351841,0.45759741017831423
0.7481831236006182,0.9363651252423009,22.592494490726274,0.5752904286313427
0.7984214244584447,0.9209667833959043,29.256427743151427,0.5176185318317184
0.6671219454084805,0.5930507089231387,15.941533203705086,0.3380780737112763
0.885456101872911,0.9013216548978552,10.874335124898819,0.800401747397339
0.5532991265668858,0.7290934433689463,22.621775251084543,0.2706522638757715
0.5375688908679044,0.7414844360426776,25.42820355038963,0.23273698717716954
0.8640943781018017,0.5667399862079718,18.660757901946184,0.4329106611654925
0.7477456581030992,0.5403007568785623,29.175881881403654,0.19228320638765614
0.844201198213868,0.8639696534868826,6.291718041449028,0.7987145758098448
0.7174136693018731,0.7482305761776499,17.619889957613204,0.4723728961864384
0.6232010166195534,0.7184253513075898,22.96134868306375,0.31118626138833916
0.9095511588370999,0.8647541143261983,26.566011778729475,0.5930944202880659
0.8997079394844896,0.8827564494955549,9.481390297694752,0.8147031912516144
0.8473482354272134,0.5794540838346768,25.000087044092034,0.34992163448225716
0.6360725686149813,0.8051125747388206,18.817676892963632,0.4387632726854614
0.7951153334345435,0.5676770411388428,14.91384204974908,0.4286787291369278
0.6804869484700133,0.8756875430145228,8.29287571447734,0.6584804761457945
0.5457910366633171,0.8284775781335698,26.63239397272281,0.2895916497464807
0.9586567877311214,0.978307310541729,8.931830204492883,0.9385267899000567
0.5684093154594807,0.5344790081782106,12.744696480227482,0.2593893903031006
0.9751186769104012,0.5285273605756271,12.251138299060923,0.56882436065638
0.7230028864789779,0.6410935373466,26.78535085477136,0.2799666486168932
